Peptide,ProteinID,PredictedMass,Hydrophobicity,pI
MR,sp|A0A7G6KN55|DFB13_CROPO,305.152165,-1.3,11.04
LLYLLFAAVMLLFLQAVPANGSYYSTLQCR,sp|A0A7G6KN55|DFB13_CROPO,3377.791955,1.09333,8.7
NNHGHCR,sp|A0A7G6KN55|DFB13_CROPO,836.3460050000001,-2.25714,8.9
R,sp|A0A7G6KN55|DFB13_CROPO,174.111675,-4.5,11.04
LCFHGEQWIGNCNGR,sp|A0A7G6KN55|DFB13_CROPO,1732.756215,-0.51333,6.93
HQHCCK,sp|A0A7G6KN55|DFB13_CROPO,754.300305,-1.46667,8.16
MAFHSMLLVFLAGLVFLTEAAPLVSHGSIDSK,sp|A0A7G6KN55|DFB13_CROPO,3400.792655,1.11562,6.02
CPLMVK,sp|A0A7G6KN55|DFB13_CROPO,689.360435,1.15,8.86
VLDAVR,sp|A0A7G6KN55|DFB13_CROPO,671.3966049999999,1.0,6.63
GSPAANVAIK,sp|A0A7G6KN55|DFB13_CROPO,926.5185050000001,0.39,10.07
VFK,sp|A0A7G6KN55|DFB13_CROPO,392.24234499999994,1.03333,10.07
K,sp|A0A7G6KN55|DFB13_CROPO,146.105525,-3.9,10.07
TSDGDWQEFAAGK,sp|A0A7G6KN55|DFB13_CROPO,1410.6051449999998,-1.13077,3.55
TTEFGEVHELTSDEK,sp|A0A7G6KN55|DFB13_CROPO,1720.7791449999997,-1.14,3.95
FVEGIYR,sp|A0A7G6KN55|DFB13_CROPO,882.4599350000001,0.25714,6.87
VEFDTSSYWK,sp|A0A7G6KN55|DFB13_CROPO,1260.566255,-0.84,3.97
ALGLSPFHEYADVVFTANDSGHR,sp|A0A7G6KN55|DFB13_CROPO,2502.192735,-0.16957,5.07
HYTIAALLSPFSYSTTAVVSDPQE,sp|A0A7G6KN55|DFB13_CROPO,2596.2696650000003,0.1625,3.96
