ProteinID,Site,GlyToucan_AC,Composition,Peptide,Start,End,Length,Sequon,GlycopeptideMass,PeptideMass,GlycanMass,Hydrophobicity,pI,z2,IonSeries
sp|P68228|HBB_VICPA,3.0,G22768VO,HexNAc(2)Hex(3),MVNLSGDEK,1.0,9.0,9.0,NLS,2207.887298,991.464435,1216.422863,-0.63333,3.97,1104.950925,"{'b': [132.0478, 231.1162, 345.1591, 458.2432, 545.2752, 602.2967, 717.3236, 846.3662], 'y': [147.1128, 276.1554, 391.1823, 448.2038, 535.2358, 648.3199, 762.3628, 861.4312], 'c': [149.0743, 248.1427, 362.1856, 475.2697, 562.3017, 619.3232, 734.3501, 863.3927], 'z': [112.0757, 241.1183, 356.1453, 413.1667, 500.1988, 613.2828, 727.3257, 826.3942], 'Y': {'Y0': 992.4717, 'Y1': 1195.5511, 'Y2': 1398.6305, 'Y3': 1560.6833, 'Y4': 1722.7361, 'Y5': 1884.7889}, '2Y': {'2Y0': 496.2359, '2Y1': 597.7756, '2Y2': 699.3153, '2Y3': 780.3417, '2Y4': 861.3681, '2Y5': 942.3945}, 'B': {'B_HexNAc_1': 204.0867, 'B_HexNAc_2': 407.1661, 'B_Hex_1': 569.2189, 'B_Hex_2': 731.2717, 'B_Hex_3': 893.3245}, 'oxonium': {'ox_HexNAc': 204.0867, 'ox_Hex': 163.0601}}"
sp|P67816|HBA_VICPA,131.0,G22768VO,HexNAc(2)Hex(3),FLANVSTVLTSK,128.0,139.0,12.0,NVS,2495.1411980000003,1278.718335,1216.422863,0.85,10.07,1248.5778750000002,"{'b': [148.0757, 261.1597, 332.1969, 446.2398, 545.3082, 632.3402, 733.3879, 832.4563, 945.5404, 1046.5881, 1133.6201], 'y': [147.1128, 234.1448, 335.1925, 448.2766, 547.345, 648.3927, 735.4247, 834.4931, 948.536, 1019.5731, 1132.6572], 'c': [165.1022, 278.1862, 349.2234, 463.2663, 562.3347, 649.3667, 750.4144, 849.4828, 962.5669, 1063.6146, 1150.6466], 'z': [112.0757, 199.1078, 300.1554, 413.2395, 512.3079, 613.3556, 700.3876, 799.456, 913.499, 984.5361, 1097.6201], 'Y': {'Y0': 1279.7256, 'Y1': 1482.805, 'Y2': 1685.8844, 'Y3': 1847.9372, 'Y4': 2009.99, 'Y5': 2172.0428}, '2Y': {'2Y0': 639.8628, '2Y1': 741.4025, '2Y2': 842.9422, '2Y3': 923.9686, '2Y4': 1004.995, '2Y5': 1086.0214}, 'B': {'B_HexNAc_1': 204.0867, 'B_HexNAc_2': 407.1661, 'B_Hex_1': 569.2189, 'B_Hex_2': 731.2717, 'B_Hex_3': 893.3245}, 'oxonium': {'ox_HexNAc': 204.0867, 'ox_Hex': 163.0601}}"
