ProteinID,Site,GlyToucan_AC,Composition,Peptide,Start,End,Length,Sequon,GlycopeptideMass,PeptideMass,GlycanMass,Hydrophobicity,pI,Protease,GlycosylationType,MissedCleavages,z2
sp|A0A498KFL4|ATGSA_MALDO,163.0,G62765YT,HexNAc(2)Hex(8),LNHTMCDAAGLLLFLTAIAEMAR,162.0,184.0,23.0,NHT,4158.819122999999,2456.2377899999997,1702.581333,0.93913,5.19,,,,2080.4168374999995
sp|A0A498KFL4|ATGSA_MALDO,230.0,G62765YT,HexNAc(2)Hex(8),ITCAHHEYEDVIGHSDGSYASSNQSNMVQR,208.0,237.0,30.0,NQS,5019.007502999999,3316.4261699999993,1702.581333,-0.82667,5.09,,,,2510.5110274999993
sp|A0A498KE69|ATRGC_MALDO,163.0,G62765YT,HexNAc(2)Hex(8),VNHTMCDAPGLLLFLTAIAEMAR,162.0,184.0,23.0,NHT,4170.819122999999,2468.2377899999997,1702.581333,0.8087,5.19,,,,2086.4168374999995
sp|A0A498KE69|ATRGC_MALDO,230.0,G62765YT,HexNAc(2)Hex(8),ITCVHHEYEDVIDHSDGSYASSNQSNMVQR,208.0,237.0,30.0,NQS,5105.044282999999,3402.4629499999996,1702.581333,-0.85,4.5,,,,2553.5294174999995
sp|A0A498KE69|ATRGC_MALDO,411.0,G62765YT,HexNAc(2)Hex(8),NNTEDGILVPMCLPSSAMER,411.0,430.0,20.0,NNT,3860.567013,2157.98568,1702.581333,-0.175,3.75,,,,1931.2907825
sp|A0A498KJ69|ATGSC_MALDO,164.0,G62765YT,HexNAc(2)Hex(8),LNHTMCDAAGLLLFLTAIAEMAR,163.0,185.0,23.0,NHT,4158.819122999999,2456.2377899999997,1702.581333,0.93913,5.19,,,,2080.4168374999995
sp|A0A498KJ69|ATGSC_MALDO,231.0,G62765YT,HexNAc(2)Hex(8),ITCAHHEYEDVIGHSDGSYASSNQSNMVQR,209.0,238.0,30.0,NQS,5019.007502999999,3316.4261699999993,1702.581333,-0.82667,5.09,,,,2510.5110274999993
sp|A0A498KJ69|ATGSC_MALDO,412.0,G62765YT,HexNAc(2)Hex(8),NNTEDGILVPMCLPSSAMER,412.0,431.0,20.0,NNT,3860.567013,2157.98568,1702.581333,-0.175,3.75,,,,1931.2907825
sp|A0A498KIQ3|ATGSD_MALDO,163.0,G62765YT,HexNAc(2)Hex(8),LNHTMCDASGLLLFLTAIAEMAR,162.0,184.0,23.0,NHT,4174.814042999999,2472.2327099999993,1702.581333,0.82609,5.19,,,,2088.4142974999995
sp|A0A498KIQ3|ATGSD_MALDO,230.0,G62765YT,HexNAc(2)Hex(8),ITCAHHEYEDVIDHSDGSYAFSNQSNMVQR,208.0,237.0,30.0,NQS,5137.049363,3434.4680299999995,1702.581333,-0.81,4.5,,,,2569.5319575
sp|A0A498KIQ3|ATGSD_MALDO,411.0,G62765YT,HexNAc(2)Hex(8),NNTEDGILVPMCLSSSAMER,411.0,430.0,20.0,NNT,3850.546283,2147.96495,1702.581333,-0.135,3.75,,,,1926.2804175
