ProteinID,Site,GlyToucan_AC,Composition,Peptide,Start,End,Length,Sequon,GlycopeptideMass,PeptideMass,GlycanMass,Hydrophobicity,pI,Protease,GlycosylationType,MissedCleavages,z2
sp|A0A498KFL4|ATGSA_MALDO,163,G62765YT,HexNAc(2)Hex(8),LNHTMCDAAGLLLFLTAIAEMAR,162,185,23,NHTM,4158.819122999999,2456.2377899999997,1702.581333,0.93913,5.19,trypsin,N,0,2080.4168374999995
sp|A0A498KFL4|ATGSA_MALDO,230,G62765YT,HexNAc(2)Hex(8),ITCAHHEYEDVIGHSDGSYASSNQSNMVQR,208,238,30,NQSN,5019.007502999999,3316.4261699999993,1702.581333,-0.82667,5.09,trypsin,N,0,2510.5110274999993
sp|A0A498KE69|ATRGC_MALDO,163,G62765YT,HexNAc(2)Hex(8),VNHTMCDAPGLLLFLTAIAEMAR,162,185,23,NHTM,4170.819122999999,2468.2377899999997,1702.581333,0.8087,5.19,trypsin,N,0,2086.4168374999995
sp|A0A498KE69|ATRGC_MALDO,230,G62765YT,HexNAc(2)Hex(8),ITCVHHEYEDVIDHSDGSYASSNQSNMVQR,208,238,30,NQSN,5105.044282999999,3402.4629499999996,1702.581333,-0.85,4.5,trypsin,N,0,2553.5294174999995
sp|A0A498KE69|ATRGC_MALDO,411,G62765YT,HexNAc(2)Hex(8),NNTEDGILVPMCLPSSAMER,411,431,20,NNTE,3860.567013,2157.98568,1702.581333,-0.175,3.75,trypsin,N,0,1931.2907825
sp|A0A498KJ69|ATGSC_MALDO,164,G62765YT,HexNAc(2)Hex(8),LNHTMCDAAGLLLFLTAIAEMAR,163,186,23,NHTM,4158.819122999999,2456.2377899999997,1702.581333,0.93913,5.19,trypsin,N,0,2080.4168374999995
sp|A0A498KJ69|ATGSC_MALDO,231,G62765YT,HexNAc(2)Hex(8),ITCAHHEYEDVIGHSDGSYASSNQSNMVQR,209,239,30,NQSN,5019.007502999999,3316.4261699999993,1702.581333,-0.82667,5.09,trypsin,N,0,2510.5110274999993
sp|A0A498KJ69|ATGSC_MALDO,412,G62765YT,HexNAc(2)Hex(8),NNTEDGILVPMCLPSSAMER,412,432,20,NNTE,3860.567013,2157.98568,1702.581333,-0.175,3.75,trypsin,N,0,1931.2907825
sp|A0A498KIQ3|ATGSD_MALDO,163,G62765YT,HexNAc(2)Hex(8),LNHTMCDASGLLLFLTAIAEMAR,162,185,23,NHTM,4174.814042999999,2472.2327099999993,1702.581333,0.82609,5.19,trypsin,N,0,2088.4142974999995
sp|A0A498KIQ3|ATGSD_MALDO,230,G62765YT,HexNAc(2)Hex(8),ITCAHHEYEDVIDHSDGSYAFSNQSNMVQR,208,238,30,NQSN,5137.049363,3434.4680299999995,1702.581333,-0.81,4.5,trypsin,N,0,2569.5319575
sp|A0A498KIQ3|ATGSD_MALDO,411,G62765YT,HexNAc(2)Hex(8),NNTEDGILVPMCLSSSAMER,411,431,20,NNTE,3850.546283,2147.96495,1702.581333,-0.135,3.75,trypsin,N,0,1926.2804175
