ProteinID,Site,Peptide,Start,End,Length,NSequon,PredictedMass,Hydrophobicity,pI
sp|A0A498KFL4|ATGSA_MALDO,163,NHTMCDA,163,170,7,NHTM,790.27380895794,-0.67,5.08
sp|A0A498KFL4|ATGSA_MALDO,230,SSNQSNMV,228,236,8,NQSN,865.3599811100501,-0.85,5.24
sp|A0A498KE69|ATRGC_MALDO,163,NHTMCDA,163,170,7,NHTM,790.27380895794,-0.67,5.08
sp|A0A498KE69|ATRGC_MALDO,230,SSNQSNMV,228,236,8,NQSN,865.3599811100501,-0.85,5.24
sp|A0A498KE69|ATRGC_MALDO,411,QHKNNTEDGI,408,418,10,NNTE,1154.53161422162,-2.12,5.32
sp|A0A498KJ69|ATGSC_MALDO,164,NHTMCDA,164,171,7,NHTM,790.27380895794,-0.67,5.08
sp|A0A498KJ69|ATGSC_MALDO,231,SSNQSNMV,229,237,8,NQSN,865.3599811100501,-0.85,5.24
sp|A0A498KJ69|ATGSC_MALDO,412,QHKNNTEDGI,409,419,10,NNTE,1154.53161422162,-2.12,5.32
sp|A0A498KIQ3|ATGSD_MALDO,163,NHTMCDA,163,170,7,NHTM,790.27380895794,-0.67,5.08
sp|A0A498KIQ3|ATGSD_MALDO,230,SNQSNMV,229,236,7,NQSN,778.32795270578,-0.86,5.24
sp|A0A498KIQ3|ATGSD_MALDO,411,QHKNNTEDGI,408,418,10,NNTE,1154.53161422162,-2.12,5.32
