ProteinID,Site,Peptide,Start,End,Length,NSequon,PredictedMass,Hydrophobicity,pI
sp|A0A498KFL4|ATGSA_MALDO,163,NHTMCDAAGL,163,173,10,NHTM,1031.41645044035,0.05,5.08
sp|A0A498KFL4|ATGSA_MALDO,230,ASSNQSNMVQRSF,227,240,13,NQSN,1454.6572257408998,-0.85,9.8
sp|A0A498KE69|ATRGC_MALDO,163,RVNHTMCDAPGL,161,173,12,NHTM,1312.60162544108,-0.27,6.74
sp|A0A498KE69|ATRGC_MALDO,230,ASSNQSNMVQRSF,227,240,13,NQSN,1454.6572257408998,-0.85,9.8
sp|A0A498KE69|ATRGC_MALDO,411,VQHKNNTEDGIL,407,419,12,NNTE,1366.68409211174,-1.1,5.32
sp|A0A498KJ69|ATGSC_MALDO,164,NHTMCDAAGL,164,174,10,NHTM,1031.41645044035,0.05,5.08
sp|A0A498KJ69|ATGSC_MALDO,231,ASSNQSNMVQRSF,228,241,13,NQSN,1454.6572257408998,-0.85,9.8
sp|A0A498KJ69|ATGSC_MALDO,412,VQHKNNTEDGIL,408,420,12,NNTE,1366.68409211174,-1.1,5.32
sp|A0A498KIQ3|ATGSD_MALDO,163,NHTMCDASGL,163,173,10,NHTM,1047.41136505991,-0.21,5.08
sp|A0A498KIQ3|ATGSD_MALDO,230,SNQSNMVQRSF,229,240,11,NQSN,1296.58808355192,-1.09,9.47
sp|A0A498KIQ3|ATGSD_MALDO,411,VQHKNNTEDGIL,407,419,12,NNTE,1366.68409211174,-1.1,5.32
