ProteinID,Site,GlyToucan_AC,Composition,Peptide,Start,End,Length,Sequon,GlycopeptideMass,PeptideMass,GlycanMass,Hydrophobicity,pI,z2,IonSeries
sp|O55245|TTHY_CROPO,121.0,G22768VO,HexNAc(2)Hex(3),ALGLSPFHEYADVVFTANDSGHR,104.0,126.0,23.0,NDS,3718.6155980000003,2502.192735,1216.422863,-0.16957,5.07,1860.3150750000002,"{'b': [72.0444, 185.1284, 242.1499, 355.234, 442.266, 539.3188, 686.3872, 823.4461, 952.4887, 1115.552, 1186.5891, 1301.616, 1400.6845, 1499.7529, 1646.8213, 1747.869, 1818.9061, 1932.949, 2047.9759, 2135.008, 2192.0294, 2329.0883], 'y': [175.119, 312.1779, 369.1993, 456.2314, 571.2583, 685.3012, 756.3383, 857.386, 1004.4544, 1103.5228, 1202.5912, 1317.6182, 1388.6553, 1551.7186, 1680.7612, 1817.8201, 1964.8885, 2061.9413, 2148.9733, 2262.0574, 2319.0788, 2432.1629], 'c': [89.0709, 202.1549, 259.1764, 372.2605, 459.2925, 556.3453, 703.4137, 840.4726, 969.5152, 1132.5785, 1203.6156, 1318.6425, 1417.711, 1516.7794, 1663.8478, 1764.8955, 1835.9326, 1949.9755, 2065.0024, 2152.0345, 2209.0559, 2346.1148], 'z': [140.0819, 277.1408, 334.1623, 421.1943, 536.2212, 650.2642, 721.3013, 822.3489, 969.4174, 1068.4858, 1167.5542, 1282.5811, 1353.6182, 1516.6816, 1645.7241, 1782.7831, 1929.8515, 2026.9042, 2113.9363, 2227.0203, 2284.0418, 2397.1258], 'Y': {'Y0': 2503.2, 'Y1': 2706.2794, 'Y2': 2909.3588, 'Y3': 3071.4116, 'Y4': 3233.4644, 'Y5': 3395.5172}, '2Y': {'2Y0': 1251.6, '2Y1': 1353.1397, '2Y2': 1454.6794, '2Y3': 1535.7058, '2Y4': 1616.7322, '2Y5': 1697.7586}, 'B': {'B_HexNAc_1': 204.0867, 'B_HexNAc_2': 407.1661, 'B_Hex_1': 569.2189, 'B_Hex_2': 731.2717, 'B_Hex_3': 893.3245}, 'oxonium': {'ox_HexNAc': 204.0867, 'ox_Hex': 163.0601}}"
