ProteinID,Site,Peptide,Start,End,Length,NSequon,PredictedMass,Hydrophobicity,pI
sp|O77763|IFNG_EQUAS,106,NSSTSKL,106,113,7,NSS,735.37628279719,-0.96,8.75
sp|Q29480|P53_EQUAS,115,MCNSSCMGGMNRRPI,113,128,15,NSS,1655.68227799723,-0.32,9.01
sp|Q29480|P53_EQUAS,187,SSNTSSSPPQKEDPL,185,200,15,NTS,1572.72674476936,-1.57,4.37
sp|P0DUB1|PIGR_EQUAS,135,NGTQV,135,140,5,NGT,517.2496257320901,-0.78,5.53
sp|P0DUB1|PIGR_EQUAS,291,GQRNQTF,288,295,7,NQT,849.4093142609701,-1.9,9.75
sp|P0DUB1|PIGR_EQUAS,423,DEPGNGTY,419,427,8,NGT,851.3297265275901,-1.86,4.05
sp|P11375|LYSC_EQUAS,49,NGSY,49,53,4,NGS,439.17031278223,-1.5,5.52
sp|P19794|LSHB_EQUAS,167,NTS,167,170,3,NTS,320.13319899751997,-1.67,5.53
sp|P92477|COX1_EQUAS,99,PRMNNMSF,95,103,8,NMS,995.4317065816699,-0.91,10.18
sp|P92477|COX1_EQUAS,216,NTTF,216,220,4,NTT,481.21726297465,-0.53,5.53
sp|P92477|COX1_EQUAS,360,NSSL,360,364,4,NSS,419.20161291051,-0.32,5.53
sp|P92477|COX1_EQUAS,406,NQTW,406,410,4,NQT,547.23906104839,-2.15,5.53
sp|P92477|COX1_EQUAS,422,NMTF,422,426,4,NMT,511.21006941922997,0.12,5.53
sp|Q95179|FSHR_EQUAS,191,NGTQL,191,196,5,NGT,531.2652757962301,-0.86,5.53
sp|Q95179|FSHR_EQUAS,293,QTTCNKSI,289,297,8,NKS,893.42766674705,-0.76,8.22
sp|Q95179|FSHR_EQUAS,675,NCTL,675,679,4,NCT,449.19441935508996,0.52,5.52
sp|P92476|NU2M_EQUAS,171,NQTQL,171,176,5,NQT,602.30238958094,-1.48,5.53
sp|P92476|NU2M_EQUAS,273,TKNSSI,271,277,6,NSS,648.34425439292,-0.87,8.41
sp|P92478|COX2_EQUAS,180,NQTTL,180,185,5,NQT,575.29149054407,-0.92,5.53
sp|P92478|COX2_EQUAS,203,CGSNHSF,200,207,7,NHS,750.2755232101,-0.49,6.73
sp|P92481|COX3_EQUAS,38,NSTL,38,42,4,NST,433.21726297465,-0.3,5.53
sp|P92481|COX3_EQUAS,133,NTSV,133,137,4,NTS,419.20161291051,-0.2,5.53
sp|P92484|NU4M_EQUAS,26,NTTTY,26,31,5,NTT,598.25985606262,-1.38,5.52
sp|P92484|NU4M_EQUAS,47,NQPNNNSL,43,51,8,NNS,899.40970818379,-2.01,5.53
sp|P92484|NU4M_EQUAS,138,GNQTERL,137,144,7,NQT,816.4089799078,-1.76,6.0
sp|P92485|NU5M_EQUAS,29,NTHKNSTY,25,33,8,NST,963.4410083120699,-2.2,8.6
sp|P92485|NU5M_EQUAS,270,MENNKTI,267,274,7,NKT,848.4062030264801,-1.24,5.75
sp|P92485|NU5M_EQUAS,400,NTSY,400,404,4,NTS,483.19652753007,-1.57,5.52
sp|P92487|CYB_EQUAS,15,NHSF,15,19,4,NHS,503.21284630055,-1.18,6.74
sp|Q28365|GLHA_EQUAS,106,ENHTQCY,105,112,7,NHT,893.3337663622101,-1.89,5.24
