ProteinID,Site,GlyToucan_AC,Composition,Peptide,Start,End,Length,Sequon,GlycopeptideMass,PeptideMass,GlycanMass,Hydrophobicity,pI,Protease,GlycosylationType,MissedCleavages,z2
sp|P0DUB1|PIGR_EQUAS,341,G81399MY,Hex(1),SRPIQAWQLFVNEETTFPSRPSVVK,335,360,25,WQLF,3077.5821582,2897.5187699999997,180.0633882,-0.464,10.06,trypsin,C,0,1539.7983551
sp|P0DUB1|PIGR_EQUAS,543,G81399MY,Hex(1),GDEGWYWCGVK,539,550,11,WYWC,1460.5918082,1280.52842,180.0633882,-0.77273,3.97,trypsin,C,0,731.3031801000001
sp|P92477|COX1_EQUAS,473,G81399MY,Hex(1),YSDYPDAYTTWNTISSMGSFISLTAVMLMIFMIWEAFASK,440,480,40,WEAF,4750.191878200001,4570.128490000001,180.0633882,0.495,3.55,trypsin,C,0,2376.1032151000004
sp|Q5XLE4|ALBU_EQUAS,3,G81399MY,Hex(1),WVTFVSLLFLFSSAYFR,3,20,17,WVTF,2244.1506582,2064.08727,180.0633882,1.35294,9.83,trypsin,C,0,1123.0826051000001
sp|P92475|NU1M_EQUAS,118,G81399MY,Hex(1),EPLQPLTSSTSMFIIAPILALTLALTMWIPLPMPYPLINMNLGILFMLAMSSLAVYSILWSGWASNSK,59,127,68,WSGW,7639.996158200004,7459.932770000004,180.0633882,0.94412,6.8,trypsin,C,0,3821.005355100002
sp|P92475|NU1M_EQUAS,173,G81399MY,Hex(1),AVAQTISYEVTLAIILLSVLLMSGSFTLSTLIITQEYLWLIFPSWPLAMMWFISTLAETNR,135,196,61,WLIF,7067.7324582,6887.66907,180.0633882,1.05082,3.96,trypsin,C,0,3534.8735051
sp|P92476|NU2M_EQUAS,30,G81399MY,Hex(1),MNPLILTIILMTVFLGTMIVMASSHWLMIWIGFEMNLLAIIPILMK,1,47,46,WIGF,5433.920178200001,5253.856790000001,180.0633882,1.62391,7.78,trypsin,C,0,2717.9673651000003
sp|P92481|COX3_EQUAS,34,G81399MY,Hex(1),MTHQTHAYHMVNPSPWPLTGALSALLMTSGLAMWFHFNSTLLLALGLLTNILTMYQWWR,1,60,59,WFHF,6944.460538200001,6764.397150000001,180.0633882,0.39492,9.59,trypsin,C,0,3473.2375451000003
sp|P92484|NU4M_EQUAS,196,G81399MY,Hex(1),LNAGLYFLFYTLVGSLPLLVALISIQNLTGSLNFLLIQYWNQALPDSWSNIFLWLACMMAFMVK,143,207,64,WLAC,7459.889638200002,7279.826250000002,180.0633882,1.04687,5.91,trypsin,C,0,3730.952095100001
sp|P92485|NU5M_EQUAS,188,G81399MY,Hex(1),IGDIGFIMAMAWFLFNTNTWDLQQIFMLDPNLTNLPLLGLLLAATGK,177,224,47,WFLF,5412.7891382000025,5232.725750000002,180.0633882,0.75106,3.39,trypsin,C,0,2707.401845100001
sp|P92487|CYB_EQUAS,30,G81399MY,Hex(1),IINHSFIDLPTPSNISSWWNFGSLLGICLILQILTGLFLAMHYTSDTTTAFSSVTHICR,13,72,59,WWNF,6727.3844282,6547.32104,180.0633882,0.65085,6.29,trypsin,C,0,3364.6994901
sp|P92487|CYB_EQUAS,165,G81399MY,Hex(1),GLYYGSYTFLETWNIGIILLFTVMATAFMGYVLPWGQMSFWGATVITNLLSAIPYIGTTLVEWIWGGFSVDK,101,173,72,WGGF,8251.1512382,8071.08785,180.0633882,0.80972,3.75,trypsin,C,0,4126.5828951
