ProteinID,Site,Peptide,Start,End,Length,NSequon,PredictedMass,Hydrophobicity,pI
sp|P68305|THB_CAIMO,67,TRNQCQECRF,65,75,10,NQCQ,1283.5499242213903,-1.59,7.75
sp|Q7ZTV5|FSHR_CAIMO,191,NGTY,191,195,4,NGTY,453.18596284637,-1.47,5.52
sp|Q7ZTV5|FSHR_CAIMO,618,NSCA,618,622,4,NSCA,393.13181909852995,0.0,5.52
sp|Q90382|THA_CAIMO,102,TRNQCQL,100,107,7,NQCQ,861.4126853892501,-1.34,7.91
sp|P50666|COX2_CAIMO,3,NHSQL,3,8,5,NHSQ,597.2870738699701,-1.44,6.74
sp|P50666|COX2_CAIMO,179,NQTSF,179,184,5,NQTS,595.26019041579,-1.14,5.53
sp|P50666|COX2_CAIMO,202,NHSY,202,206,4,NHSY,519.20776092011,-2.2,6.74
sp|P68495|MT_CAIMO,43,GCNNCA,41,47,6,NNCA,580.1733666406801,-0.1,5.51
sp|P83039|ICHY_CAIMO,39,NECL,39,43,4,NECL,477.18933397465,-0.18,4.05
