ProteinID,Site,GlyToucan_AC,Composition,Peptide,Start,End,Length,Sequon,GlycopeptideMass,PeptideMass,GlycanMass,Hydrophobicity,pI,Protease,GlycosylationType,MissedCleavages,z2
sp|Q108U2|WNT2_LOXAF,154,G81399MY,Hex(1),GTFDWGGCSDNIDYGIR,150,167,17,WGGC,2036.8421581999999,1856.77877,180.0633882,-0.55882,3.39,trypsin,C,0,1019.4283551
sp|Q9TA27|COX1_LOXAF,473,G81399MY,Hex(1),YSDYPDAYTAWNTASSMGSFISLVAVILMVFMIWEAFASK,440,480,40,WEAF,4644.1830082000015,4464.119620000001,180.0633882,0.67,3.55,trypsin,C,0,2323.0987801000006
sp|P24958|CYB_LOXAF,30,G81399MY,Hex(1),SFIDLPTPSNISTWWNFGSLLGACLITQILTGLFLAMHYTPDTMTAFSSMSHICR,17,72,55,WWNF,6268.016758200001,6087.953370000001,180.0633882,0.51636,6.0,trypsin,C,0,3135.0156551000005
sp|P24958|CYB_LOXAF,165,G81399MY,Hex(1),NIYYGSYLYSETWNTGIMLLLITMATAFMGYVLPWGQMSFWGATVITNLFSAIPYIGTNLVEWIWGGFSVDK,101,173,72,WGGF,8343.0829282,8163.01954,180.0633882,0.575,3.75,trypsin,C,0,4172.5487401
sp|Q108T9|CTTB2_LOXAF,1004,G81399MY,Hex(1),QTSWDDFSK,1001,1010,9,WDDF,1274.5302682,1094.46688,180.0633882,-1.64444,3.68,trypsin,C,0,638.2724101
sp|Q2I3F2|NU4M_LOXAF,196,G81399MY,Hex(1),LNAGSYFLFYTLMGSLPLLVTLMLIQNTLGSLNLMMLPYLIKPIDNLWSTNMLWLTCTMAFMVK,143,207,64,WLTC,7477.8449782,7297.78159,180.0633882,0.92344,8.66,trypsin,C,0,3739.9297650999997
sp|Q2I3F2|NU4M_LOXAF,388,G81399MY,Hex(1),GLQTLLPLMATWWLLASLINMAPPPTINLIGELLIITTSFSWSNFTIFPMGLNVLITTMYTLHMMTTTQR,347,417,70,WSNF,8054.1937081999995,7874.130319999999,180.0633882,0.76143,7.74,trypsin,C,0,4028.1041300999996
sp|Q9TA18|NU6M_LOXAF,158,G81399MY,Hex(1),EDYSGGASLYSYGFWFLAMAGWMLFVSIFIAIEVTR,137,173,36,WMLF,4259.031108200001,4078.967720000001,180.0633882,0.81389,3.75,trypsin,C,0,2130.5228301
sp|Q9TA29|NU1M_LOXAF,118,G81399MY,Hex(1),FLFTVAPILALTLALTVWAPLPMPYPLINLNLSLLFILAMSSLMVYSILWSGWASNSK,69,127,58,WSGW,6582.571908200004,6402.508520000004,180.0633882,1.2569,9.53,trypsin,C,0,3292.293230100002
sp|Q108U3|ST7_LOXAF,24,G81399MY,Hex(1),SCIVWSWTYLWTVWFFIVLFLVYILR,14,40,26,WTVW,3514.8442982000006,3334.7809100000004,180.0633882,1.64231,8.75,trypsin,C,0,1758.4294251000003
sp|Q108U3|ST7_LOXAF,82,G81399MY,Hex(1),FYVALTGTSSLISGLILIFEWWYFR,62,87,25,WWYF,3143.6259081999997,2963.5625199999995,180.0633882,1.044,6.81,trypsin,C,0,1572.8202301
