ProteinID,Site,GlyToucan_AC,Composition,Peptide,Start,End,Length,Sequon,GlycopeptideMass,PeptideMass,GlycanMass,Hydrophobicity,pI,Protease,GlycosylationType,MissedCleavages,z2
sp|Q1L6Q1|DUSTY_APIME,822,G81399MY,Hex(1),LTDFGFCITEVMMLGSIVGTPVHMAPELLSGHYDSSVDVYAFGILFWYLCAGHVR,776,831,55,WYLC,6225.9737882,6045.9104,180.0633882,0.75455,4.5,trypsin,C,0,3113.9941701
sp|A8J4S9|TREA_APIME,437,G81399MY,Hex(1),DYFYPTNILPLWTDCYDIAK,426,446,20,WTDC,2612.2032282000005,2432.1398400000003,180.0633882,-0.18,3.39,trypsin,C,0,1307.1088901000003
sp|B2D0J4|VDPP4_APIME,767,G81399MY,Hex(1),FWANCLGYSH,766,776,10,WANC,1358.5601282,1178.49674,180.0633882,0.08,7.08,trypsin,C,0,680.2873401
sp|C9D7C2|CAC1A_APIME,112,G81399MY,Hex(1),LAGLSFGDWTSFGGEVPGLVDMAPGR,104,130,26,WTSF,2797.3268282000004,2617.26344,180.0633882,0.27308,3.55,trypsin,C,0,1399.6706901000002
sp|C9D7C2|CAC1A_APIME,167,G81399MY,Hex(1),FIIEWPPFEYAVLLTIIANCVVLALEEHLPK,163,194,31,WPPF,3741.9982582000007,3561.9348700000005,180.0633882,0.99355,4.25,trypsin,C,0,1872.0064051000004
sp|C9D7C2|CAC1A_APIME,421,G81399MY,Hex(1),SEAPFGAHVCDANISTCMDHWEGPNFGITSFDNIGFAMLTVFQCITMEGWTAILYWTNDALGSTYNWIYFIPLIVLGSFFMLNLVLGVLSGEFAK,355,450,95,WIYF,10710.091098199991,10530.027709999991,180.0633882,0.58632,3.71,trypsin,C,0,5356.052825099996
sp|C9D7C2|CAC1A_APIME,1287,G81399MY,Hex(1),DAWNTFDFITVIGSIVDALVIEFGENFINVGFLR,1285,1319,34,WNTF,3993.0086982000003,3812.94531,180.0633882,0.81471,3.28,trypsin,C,0,1997.5116251000002
sp|O61303|OPSUV_APIME,71,G81399MY,Hex(1),LLGWNVPAEELIHIPEHWLVYPEPNPSLHYLLALLYILFTFLALLGNGLVIWIFCAAK,20,78,58,WIFC,6814.672378200002,6634.6089900000015,180.0633882,0.91207,5.2,trypsin,C,0,3408.3434651000007
sp|P85832|ORCK1_APIME,117,G81399MY,Hex(1),VGWSGFVK,115,123,8,WSGF,1040.5178382,860.45445,180.0633882,0.6,10.07,trypsin,C,0,521.2661951
sp|Q17053|OPSD_APIME,223,G81399MY,Hex(1),GLLSASYLVCYGIWVYFVPLFLIIYSYWFIIQAVAAHEK,210,249,39,WVYF,4717.4625682000005,4537.39918,180.0633882,1.26154,7.07,trypsin,C,0,2359.7385601
sp|Q868N5|VIT_APIME,494,G81399MY,Hex(1),QNTWTVFR,491,499,8,WTVF,1212.5774982,1032.51411,180.0633882,-0.85,11.04,trypsin,C,0,607.2960251000001
sp|P86905|SNMP1_APIME,49,G81399MY,Hex(1),ELWSNFPVPLDFK,47,60,13,WSNF,1752.8610181999998,1572.7976299999998,180.0633882,-0.14615,3.97,trypsin,C,0,877.4377850999999
