ProteinID,Site,GlyToucan_AC,Composition,Peptide,Start,End,Length,Sequon,GlycopeptideMass,PeptideMass,GlycanMass,Hydrophobicity,pI,z2,IonSeries
sp|A0A251PW43|DRO1_PRUPE,252.0,G22768VO,HexNAc(2)Hex(3),INNGCK,250.0,255.0,6.0,NGC,1863.7289580000001,647.306095,1216.422863,-0.71667,8.86,932.8717550000001,"{'b': [114.0913, 228.1343, 342.1772, 399.1987, 502.2078], 'y': [147.1128, 250.122, 307.1435, 421.1864, 535.2293], 'c': [131.1178, 245.1608, 359.2037, 416.2252, 519.2343], 'z': [112.0757, 215.0849, 272.1064, 386.1493, 500.1922], 'Y': {'Y0': 648.3134, 'Y1': 851.3928, 'Y2': 1054.4722, 'Y3': 1216.525, 'Y4': 1378.5778, 'Y5': 1540.6306}, '2Y': {'2Y0': 324.1567, '2Y1': 425.6964, '2Y2': 527.2361, '2Y3': 608.2625, '2Y4': 689.2889, '2Y5': 770.3153}, 'B': {'B_HexNAc_1': 204.0867, 'B_HexNAc_2': 407.1661, 'B_Hex_1': 569.2189, 'B_Hex_2': 731.2717, 'B_Hex_3': 893.3245}, 'oxonium': {'ox_HexNAc': 204.0867, 'ox_Hex': 163.0601}}"
