ProteinID,Site,Peptide,Start,End,Length,NSequon,PredictedMass,Hydrophobicity,pI
sp|O88354|LIPP_ICTTR,105,NMCKKMF,105,112,7,NMCK,900.40198667652,-0.31,9.31
sp|O88354|LIPP_ICTTR,311,NKCF,311,315,4,NKCF,510.22605383654,-0.53,8.22
sp|Q2EF74|SUMO1_ICTTR,74,DNHTPKEL,73,81,8,NHTP,952.46140940348,-2.01,5.32
sp|Q810W5|FOXO1_ICTTR,202,KDKGDSNSSA,196,206,10,NSSA,1007.45196691859,-1.93,5.96
sp|Q810W5|FOXO1_ICTTR,257,SMDNNSKF,254,262,8,NNSK,941.3912812383301,-1.41,5.55
sp|Q810W5|FOXO1_ICTTR,443,QDNKSSY,441,448,7,NKSS,840.36136100904,-2.47,5.83
sp|Q810W5|FOXO1_ICTTR,636,PNQSF,635,640,5,NQSF,591.2652757962301,-1.32,5.95
sp|Q9R101|LIPS_ICTTR,198,KRNESGL,196,203,7,NESG,802.42971535238,-1.83,8.75
sp|O88345|PDK4_ICTTR,81,TNTSSV,80,86,6,NTSS,607.28131978319,-0.38,5.18
sp|O88345|PDK4_ICTTR,152,TNQSL,151,156,5,NQSL,561.27584047993,-0.94,5.18
sp|O88345|PDK4_ICTTR,379,NKSA,379,383,4,NKSA,418.21759732782,-1.6,8.75
sp|P62335|PRS10_ICTTR,121,NMSHEDPGNV,121,131,10,NMSH,1098.4400223359,-1.39,4.35
sp|O55175|CNCG_ICTTR,4,MSDNTTL,1,8,7,NTTL,780.33236937988,-0.5,4.05
sp|O54761|ALMS_ICTTR,65,HESNTTNI,62,70,8,NTTN,914.40937383062,-1.42,5.24
sp|O54762|ALLT_ICTTR,65,HESNTTNI,62,70,8,NTTN,914.40937383062,-1.42,5.24
sp|O54762|ALLT_ICTTR,123,NKSNSQL,123,130,7,NKSN,789.39808087093,-1.74,8.75
sp|Q5DRQ4|ARRC_ICTTR,221,NNSTSKV,221,228,7,NNST,748.37153176992,-1.29,8.75
sp|Q5DRQ4|ARRC_ICTTR,265,NSSF,265,269,4,NSSF,453.18596284637,-0.57,5.53
