ProteinID,Site,Peptide,Start,End,Length,NSequon,PredictedMass,Hydrophobicity,pI
sp|O88354|LIPP_ICTTR,105,ANMCKKMF,104,112,8,NMCK,971.4391004612299,-0.05,9.32
sp|O88354|LIPP_ICTTR,311,SANKCF,309,315,6,NKCF,668.29519602552,-0.18,7.94
sp|O88354|LIPP_ICTTR,463,NAC,463,466,3,NAC,306.09979069426004,0.27,5.52
sp|Q2EF74|SUMO1_ICTTR,74,EGQRIADNHTPKEL,67,81,14,NHTP,1606.8063325027401,-1.55,5.45
sp|Q810W5|FOXO1_ICTTR,202,KDKGDSNSSAGW,196,208,12,NSSA,1250.5527435890199,-1.72,5.96
sp|Q810W5|FOXO1_ICTTR,257,NPEGGKSGKSPRRRAASMDNNSKF,238,262,24,NNSK,2590.27826410361,-1.75,11.0
sp|Q810W5|FOXO1_ICTTR,318,RPRTSSNASTISGRF,312,327,15,NAST,1635.84411499379,-0.97,12.0
sp|Q810W5|FOXO1_ICTTR,443,QDNKSSY,441,448,7,NKSS,840.36136100904,-2.47,5.83
sp|Q810W5|FOXO1_ICTTR,636,PNQSF,635,640,5,NQSF,591.2652757962301,-1.32,5.95
sp|Q9R101|LIPS_ICTTR,198,KRNESGL,196,203,7,NESG,802.42971535238,-1.83,8.75
sp|Q9R101|LIPS_ICTTR,243,NITEIEVL,243,251,8,NITE,929.5069626135701,0.72,4.05
sp|O88345|PDK4_ICTTR,47,GSDNACERTSF,44,55,11,NACE,1185.4720507401698,-0.96,4.37
sp|O88345|PDK4_ICTTR,81,TNTSSVQL,80,88,8,NTSS,848.4239612656,-0.25,5.18
sp|O88345|PDK4_ICTTR,152,KDTCTVDPVTNQSL,142,156,14,NQSL,1519.71882293795,-0.55,4.21
sp|O88345|PDK4_ICTTR,379,NKSAF,379,384,5,NKSA,565.28601124081,-0.72,8.75
sp|P62335|PRS10_ICTTR,121,NMSHEDPGNVSY,121,133,12,NMSH,1348.5353792727199,-1.33,4.35
sp|P62335|PRS10_ICTTR,129,NMSHEDPGNVSY,121,133,12,NVSY,1348.5353792727199,-1.33,4.35
sp|P62335|PRS10_ICTTR,345,RNVCTEAGMF,344,354,10,NVCT,1126.4899497337801,0.06,5.99
sp|O55175|CNCG_ICTTR,4,MSDNTTL,1,8,7,NTTL,780.33236937988,-0.5,4.05
sp|Q94UY0|ATP6_ICTTR,163,TANITAGHL,161,170,9,NITA,896.47158016436,0.38,6.4
sp|O54761|ALMS_ICTTR,65,AHESNTTNIF,61,71,10,NTTN,1132.51490152832,-0.68,5.24
sp|O54761|ALMS_ICTTR,266,GNATAIF,265,272,7,NATA,692.34933977336,0.9,5.53
sp|O54761|ALMS_ICTTR,311,NISGTMDL,311,319,8,NISG,849.3902186091701,0.16,4.05
sp|O54762|ALLT_ICTTR,65,AHESNTTNIF,61,71,10,NTTN,1132.51490152832,-0.68,5.24
sp|O54762|ALLT_ICTTR,123,NKSNSQL,123,130,7,NKSN,789.39808087093,-1.74,8.75
sp|Q5DRQ4|ARRC_ICTTR,217,HGEPISVNVSINNSTSKVIKKIKISVDQITDVVL,210,244,34,NVSI,3674.0618254079204,0.16,8.44
sp|Q5DRQ4|ARRC_ICTTR,221,HGEPISVNVSINNSTSKVIKKIKISVDQITDVVL,210,244,34,NNST,3674.0618254079204,0.16,8.44
sp|Q5DRQ4|ARRC_ICTTR,265,TETIAANSSF,259,269,10,NSSF,1039.48220441771,0.09,4.05
sp|Q5DRQ5|RTBDN_ICTTR,208,NISISL,208,214,6,NISI,645.36974086477,1.28,5.53
